Set1,Set2,Set3,Set4
ABCB1,AKT1,ABCB1,ABCB1
ABCG2,APP,ACHE,ACHE
ACHE,AVPR2,AHR,ADA
ACP1,BCL2,AKR1B1,ADORA2A
AKR1B1,CDK2,AKR1C3,AKR1B1
AKT1,CFTR,AKT1,AR
ALDH2,CYP2C19,ALOX5,BACE1
APP,CYP2C9,APEX1,BCHE
AVPR2,CYP3A4,APP,CA1
BCHE,DNMT1,ATR,CA9
BCL2,F2,AURKB,CCNB1
CDK2,FABP2,BACE1,CDC25B
CFTR,FTO,BCHE,CDK1
CSNK2A1,GSK3B,CA9,CDK5
CYP17A1,HTR2A,CCNB1,CDK6
CYP19A1,IGF1R,CDC25B,CHRNA4
CYP1A2,INSR,CDK1,CHRNA7
CYP2C19,KCNH2,CDK2,CYP17A1
CYP2C9,KDR,CDK5,CYP19A1
CYP3A4,MAP2K1,CDK6,CYP1A2
DNMT1,MAPK14,CHRNA4,DPP4
DRD2,MAPT,CHRNA7,DRD2
EGFR,MET,CYP17A1,EGFR
ESR1,MGAM,CYP19A1,ESR1
ESR2,MIF,CYP1A2,ESR2
F2,MMP1,CYP2C19,FAAH
FABP2,MMP13,CYP2C9,FABP3
FABP4,MMP14,DNMT1,FABP4
FTO,MMP2,DRD2,FABP5
GSK3B,MMP3,DRD4,G6PD
HMGCR,MMP9,EGFR,HMGCR
HSD11B1,MPO,ESR1,HSD11B1
HSD11B2,PGF,ESR2,HSPA5
HTR2A,PIK3CA,F2,IL2
IGF1R,PIK3CB,FABP4,KIT
IL2,PIK3CG,FLT3,MAOB
INSR,PIK3R1,FUT4,NOS2
KCNH2,PRKCA,GSK3B,NPC1L1
KDR,PSEN1,HMGCR,PARP1
MAP2K1,PTPN6,HTR1A,PLA2G1B
MAPK14,RELA,HTR2A,PPARA
MAPT,SLC47A1,HTR2C,PPARD
MET,SLC6A2,IL2,PPARG
MGAM,SRC,INSR,PTGES
MIF,STAT1,KDR,PTGS2
MMP1,STAT3,MAOA,PTPN1
MMP13,TNNI3,MAOB,SCD
MMP14,TNNT2,MAP2K1,SERPINE1
MMP2,TTR,MAPK14,SHBG
MMP3,VEGFA,MAPT,SIGMAR1
MMP9,,MET,SREBF2
MPO,,MMP14,TERT
PARP1,,MMP2,TNF
PDE4D,,MMP9,TOP2A
PGF,,MPO,TYR
PIK3CA,,PARP1,XDH
PIK3CB,,PIK3CA,
PIK3CG,,PIK3R1,
PIK3R1,,PLK1,
PPARA,,PPARA,
PPARD,,PPARD,
PRKCA,,PRKCA,
PSEN1,,PSEN1,
PTGS1,,PTGS2,
PTGS2,,PTK2,
PTPN1,,PTPN1,
PTPN11,,RELA,
PTPN2,,SLC6A3,
PTPN6,,SRC,
PTPRF,,STAT1,
RELA,,STAT3,
SHBG,,TERT,
SLC47A1,,TNF,
SLC6A2,,TOP2A,
SRC,,,
STAT1,,,
STAT3,,,
TERT,,,
TNF,,,
TNNI3,,,
TNNT2,,,
TTR,,,
TYR,,,
VEGFA,,,
XDH,,,
